{
    "matrix": [
        [906.5759, 0.0, 452.5919],
        [0.0, 908.3985, 395.7413],
        [0.0, 0.0, 1.0]
    ],
    "dist_coeffs": [
        -0.010725, -0.1261, 0.012685, 0.00022967, 0.31746
    ],
    "rotation": [90.0, 0.0, 0.0]
}